{
  "mae": 0.7321669965231118,
  "rmse": 1.4505759136869871,
  "r2": 0.6852656675891573
}