{
  "mae": 2.8657021702246452,
  "rmse": 3.3184028994320403,
  "r2": -0.532076216063857,
  "fold_metrics": [
    {
      "fold": 1,
      "actual": 4.0,
      "predicted": 5.212612962580861,
      "error": 1.2126129625808613
    },
    {
      "fold": 2,
      "actual": 0.0,
      "predicted": 5.660744205403706,
      "error": 5.660744205403706
    },
    {
      "fold": 3,
      "actual": 6.0,
      "predicted": 3.7298044403497905,
      "error": 2.2701955596502095
    },
    {
      "fold": 4,
      "actual": 7.0,
      "predicted": 4.680744046736196,
      "error": 2.319255953263804
    }
  ]
}