{
  "mae": 0.14687859639525414,
  "rmse": 0.1646352045560938,
  "r2": 0.9962289333343506,
  "fold_metrics": [
    {
      "fold": 1,
      "session_id": 302,
      "actual": 4.0,
      "predicted": 3.9448375701904297,
      "error": 0.05516242980957031
    },
    {
      "fold": 2,
      "session_id": 303,
      "actual": 0.0,
      "predicted": -0.198820099234581,
      "error": 0.198820099234581
    },
    {
      "fold": 3,
      "session_id": 304,
      "actual": 6.0,
      "predicted": 6.095264434814453,
      "error": 0.09526443481445312
    },
    {
      "fold": 4,
      "session_id": 305,
      "actual": 7.0,
      "predicted": 6.761732578277588,
      "error": 0.2382674217224121
    }
  ]
}