{
  "mae": 3.6666119234700134,
  "rmse": 4.130195542452686,
  "r2": -0.7851934531402827,
  "fold_metrics": [
    {
      "fold": 1,
      "actual": 0.0,
      "predicted": 6.341145656468554,
      "error": 6.341145656468554
    },
    {
      "fold": 2,
      "actual": 6.0,
      "predicted": 3.9091089546017366,
      "error": 2.0908910453982634
    },
    {
      "fold": 3,
      "actual": 7.0,
      "predicted": 4.432200931456777,
      "error": 2.5677990685432226
    }
  ]
}