{
  "mae": 1.2207965056101482,
  "rmse": 1.6520477712298356,
  "r2": 0.7143795750484976,
  "fold_metrics": [
    {
      "fold": 1,
      "session_id": 303,
      "actual": 0.0,
      "predicted": 2.6934874057769775,
      "error": 2.6934874057769775
    },
    {
      "fold": 2,
      "session_id": 304,
      "actual": 6.0,
      "predicted": 5.0341315269470215,
      "error": 0.9658684730529785
    },
    {
      "fold": 3,
      "session_id": 305,
      "actual": 7.0,
      "predicted": 6.996966361999512,
      "error": 0.0030336380004882812
    }
  ]
}